{
    "blog":{
        "posts": [
            {
            "id": 1,
            "title":"post one lorem ip sum is a text",
            "slug":"post-one-x",
            "author": "geraldox",
            "data": "22/02/2013",
            "article":"Lorem ipsum, dolor sit amet consectetur adipisicing elit. Quod, rerum, Lorem Ipsum is simply dummy text of the printing and typesetting industry. Lorem Ipsum has been the industry's standard dummy text ever since the 1500s, when an unknown printer took a galley of type and scrambled it to make a type specimen book. It has survived not only five centuries, but also the leap into electronic typesetting, remaining essentially unchanged. It was popularised in the 1960s with the release of Letraset sheets containing Lorem Ipsum passages, and more recently with desktop publishing software like Aldus PageMaker including versions of Lorem Ipsum.",
            "img": "https://via.placeholder.com/300x50"
           
        },
        {    
            "id": 2,
            "title":"post two now us the best of",
            "slug":"post-two",
            "author": "geraldox",
            "data": "23/02/2013",
            "article":"JavaScript VueJS Lorem ipsum, dolor sit amet consectetur adipisicing elit. Quod, rerum" 
        },
        {    
            "id": 3,
            "title":"The Progressive JavaScript Framework | Vue",
            "slug":"vue-js",
            "author": "geraldox",
            "data": "23/02/2013",
            "article":"Lorem ipsum dolor sit amet consectetur adipisicing elit. Aperiam voluptate, quos, veniam, voluptates voluptatibus eaque ipsum animi necessitatibus exercitationem deserunt repudiandae. Incidunt similique nihil eum nam saepe non, quis ullam! <img src='https://via.placeholder.com/340x50'/>" 
        }
        ]
    }
}