{
    "blog":{
        "posts": [
            {
            "id": 1,
            "title":"Speed Test",
            "slug":"speed-test",
            "author": "geraldox",
            "published": true,
            "data": "22, Fev, 2023",
            "article":"File to test your Network Speed",
            "category":"network",
            "component": "Speedtest"          
           
        },
        {    
            "id": 2,
            "title":"Burnout Revenge is Alive after 17 years",
            "slug":"burnout-revenge-is-alive",
            "author": "geraldox",
            "published": true,
            "data": "23, Fev, 2023",
            "article":"JavaScript VueJS Lorem ipsum, dolor sit amet consectetur adipisicing elit. Quod, rerum <div><figure><img src='https://upload.wikimedia.org/wikipedia/en/c/cb/Revenge_boxart.jpg' alt='game' /><figcaption>Burnout 2005</figcaption></figure></div>",
            "category":"games"
        },
        {    
            "id": 3,
            "title":"Vue The Progressive JavaScript Framework ",
            "slug":"vue-js",
            "author": "geraldox",
            "published": true,
            "data": "23, Fev, 2023",
            "article":"Lorem ipsum dolor sit amet consectetur adipisicing elit. Aperiam voluptate, quos, veniam, voluptates voluptatibus eaque ipsum animi necessitatibus exercitationem deserunt repudiandae. Incidunt similique nihil eum nam saepe non, quis ullam! <img src='https://via.placeholder.com/340x50'/>",
            "category": "uncategorized"
        },
        {    
            "id": 4,
            "title":"Android Apps",
            "slug":"android-apps",
            "author": "geraldox",
            "published": true,
            "data": "May, 31, 2021",
            "article":"<h4 style='text-align:center'>Listando Android Apps</h4>",
            "component": "Android",
            "category":"android"
        },
        {    
            "id": 5,
            "title":"Youtube Downloader",
            "slug":"yt-downloader",
            "author": "geraldox",
            "published": true,
            "data": "Dez, 11, 2020",
            "article":"<p>Y2 Mate (Guru)<a href='https://y2mate.guru/en8/' target='_blank'> Y2 Mate (Guru)</a>        <p>Y2 Mate (old) Somethimes bug in VPN <a href='https://www.y2mate.com/' target='_blank'> Y2 Mate (old)</a>           <p>Convert and download Youtube videos in MP3, MP4, 3GP for free<a href='https://yt1s.com/en3' target='_blank'> YT1s.com/en3</a>   <p>Download video audio MP3 file<a href='https://www.clickmp3.com/en' target='_blank'> clickmp3.com/en</a>            <p>Locoloader Download Videos, Music & Photos<a href='https://www.locoloader.com/' target='_blank'> Locoloader</a></p>",
            "category":"youtube"
        },
        {    
            "id": 6,
            "title":"Free upload image",
            "slug":"free-upload-image",
            "author": "geraldox",
            "published": true,
            "data": "Nov, 29, 2020",
            "article":"</p><ul><li><a href='http://imgur.com/' target='_blank'>IMGur</a> </li><li><a href='http://postimage.org/' target='_blank'>Post Image</a></li> <li><a href='https://imgbox.com/' target='_blank'>imgbox</a></li><li><a href='http://www.imagebam.com/' target='_blank'>imagebam</a></li> <li><a href='https://www.imagevenue.com/' target='_blank'>imagevenue</a></li><li><a href='https://imagensbrasil.org/' target='_blank'>imagensBrasil</a></li> <li><a href='https://screenshot.net/' target='_blank'>scheenshot.net</a> </li><li><a href='https://imgbb.com/' target='_blank'>imgbb</a></li> <li><a href='https://anonfiles.com/' target='_blank'>Anonfiles</a> </li> </ul>",
            "category": "upload"
        },
        {    
            "id": 7,
            "title":"VueJS Offline",
            "slug":"vuejs",
            "author": "geraldox",
            "published": true,
            "data": "Mach, 5, 2023",
            "article":"",
            "component": "Vuejs",
            "category":"Developer"
        },
        {    
            "id": 8,
            "title":"Support String Components",
            "slug":"string-components",
            "author": "geraldox",
            "published": true,
            "data": "Mach, 5, 2023",
            "article":"",
            "component": "cardy",
            "category":"Developer"
        },
        {    
            "id": 9,
            "title":"Network Tools",
            "slug":"network-tools",
            "author": "geraldox",
            "published": true,
            "data": "May, 30, 2023",
            "article":"",
            "component": "NetworkTools",
            "category":"network"
        }
        ]
    }
}