{
    "blog":{
        "posts": [
            {
            "id": 1,
            "title":"Post one lorem ip sum is a text",
            "slug":"post-one",
            "author": "geraldox",
            "published": true,
            "data": "22, Fev, 2023",
            "article":"Lorem ipsum, dolor sit amet consectetur adipisicing elit. Quod, rerum, Lorem Ipsum is simply dummy text of the printing and typesetting industry. Lorem Ipsum has been the industry's standard dummy text ever since the 1500s, when an unknown printer took a galley of type and scrambled it to make a type specimen book. It has survived not only five centuries, but also the leap into electronic typesetting, remaining essentially unchanged. <div><img src='https://via.placeholder.com/300x50' alt='img'  /></div> It was popularised in the 1960s with the release of Letraset sheets containing Lorem Ipsum passages, and more recently with desktop publishing software like Aldus PageMaker including versions of Lorem Ipsum. <h2> e.g load img from local <div class='img-flex'><img src='./src/assets/1.jpg' alt='' /></div>",
            "category":"android"
          
           
        },
        {    
            "id": 2,
            "title":"Burnout Revenge is Alive after 17 years",
            "slug":"post-two",
            "author": "geraldox",
            "published": true,
            "data": "23, Fev, 2023",
            "article":"JavaScript VueJS Lorem ipsum, dolor sit amet consectetur adipisicing elit. Quod, rerum <div><figure><img src='https://upload.wikimedia.org/wikipedia/en/c/cb/Revenge_boxart.jpg' alt='game' /><figcaption>Burnout 2005</figcaption></figure></div>",
            "category":"zeta"
        },
        {    
            "id": 3,
            "title":"Vue The Progressive JavaScript Framework ",
            "slug":"vue-js",
            "author": "geraldox",
            "published": true,
            "data": "23, Fev, 2023",
            "article":"Lorem ipsum dolor sit amet consectetur adipisicing elit. Aperiam voluptate, quos, veniam, voluptates voluptatibus eaque ipsum animi necessitatibus exercitationem deserunt repudiandae. Incidunt similique nihil eum nam saepe non, quis ullam! <img src='https://via.placeholder.com/340x50'/>",
            "category": "uncategorized"
        },
        {    
            "id": 4,
            "title":"Android Root",
            "slug":"android-root",
            "author": "geraldox",
            "published": true,
            "data": "May, 31, 2021",
            "article":"content from json if you want",
            "component": "Android",
            "category":"android"
        },
        {    
            "id": 5,
            "title":"Youtube Downloader",
            "slug":"yt-downloader",
            "author": "geraldox",
            "published": true,
            "data": "Dez, 11, 2020",
            "article":"<p>Y2 Mate (Guru)<a href='https://y2mate.guru/en8/' target='_blank'> Y2 Mate (Guru)</a>        <p>Y2 Mate (old) Somethimes bug in VPN <a href='https://www.y2mate.com/' target='_blank'> Y2 Mate (old)</a>           <p>Convert and download Youtube videos in MP3, MP4, 3GP for free<a href='https://yt1s.com/en3' target='_blank'> YT1s.com/en3</a>   <p>Download video audio MP3 file<a href='https://www.clickmp3.com/en' target='_blank'> clickmp3.com/en</a>            <p>Locoloader Download Videos, Music & Photos<a href='https://www.locoloader.com/' target='_blank'> Locoloader</a></p>",
            "category":"youtube"
        },
        {    
            "id": 6,
            "title":"Free upload image",
            "slug":"free-upload-image",
            "author": "geraldox",
            "published": true,
            "data": "Nov, 29, 2020",
            "article":"</p><ul><li><a href='http://imgur.com/' target='_blank'>IMGur</a> </li><li><a href='http://postimage.org/' target='_blank'>Post Image</a></li> <li><a href='https://imgbox.com/' target='_blank'>imgbox</a></li><li><a href='http://www.imagebam.com/' target='_blank'>imagebam</a></li> <li><a href='https://www.imagevenue.com/' target='_blank'>imagevenue</a></li><li><a href='https://imagensbrasil.org/' target='_blank'>imagensBrasil</a></li> <li><a href='https://screenshot.net/' target='_blank'>scheenshot.net</a> </li><li><a href='https://imgbb.com/' target='_blank'>imgbb</a></li> <li><a href='https://anonfiles.com/' target='_blank'>Anonfiles</a> </li> </ul>",
            "category": "upload"
        },
        {    
            "id": 7,
            "title":"Sunday Domingo",
            "slug":"sunday",
            "author": "geraldox",
            "published": true,
            "data": "Fev, 26, 2023",
            "article":"",
            "component": "Sunday",
            "category":"downloads"
        }
        ]
    }
}